Date,Machine_ID,Product_Type,Shift,Operator_Experience_Years,Temperature_C,Humidity_Percent,Production_Units,Defective_Units,Downtime_Minutes,Cycle_Time_Minutes,Energy_Consumption_kWh,Raw_Material_Cost_USD
2025-01-01,M4,Product_B,,9.5,28.5,37.5,505.0,1,42.3,6.14,154.3,2313.59
2025-01-01,M3,Product_A,Morning,1.5,38.7,43.4,476.0,4,44.5,5.48,191.0,1294.25
2025-01-01,M3,Product_B,Morning,6.0,29.3,58.6,516.0,11,16.6,6.83,220.5,2393.13
2025-01-02,M3,Product_A,Morning,0.0,28.5,64.9,444.0,13,23.0,6.46,202.7,1355.73
2025-01-02,M3,Product_B,Evening,13.9,28.7,41.0,477.0,1,0.0,5.31,126.5,2112.92
2025-01-02,M5,Product_A,Night,10.1,33.8,49.7,508.0,2,7.9,6.11,211.1,1507.17
2025-01-02,M4,Product_A,Morning,10.6,25.1,66.1,484.0,2,14.2,5.84,224.1,1455.69
2025-01-02,M2,Product_A,Evening,9.1,32.0,64.4,425.0,7,16.2,5.84,197.5,1510.58
2025-01-03,M3,Product_A,Night,1.2,28.1,64.5,435.0,7,53.8,5.95,184.6,1441.77
2025-01-03,M3,Product_B,Morning,8.2,38.7,64.3,493.0,11,5.8,5.78,206.1,2401.83
2025-01-04,M1,Product_A,Morning,9.7,,62.1,500.0,6,4.1,5.24,161.8,1735.22
2025-01-04,M2,Product_B,Morning,5.8,31.0,36.0,457.0,1,36.3,5.87,205.8,1828.65
2025-01-04,M3,Product_B,Evening,8.2,42.6,51.8,483.0,5,4.3,6.32,141.1,2320.59
2025-01-05,M5,Product_C,,12.3,33.7,50.6,490.0,6,57.2,5.47,276.5,2536.72
2025-01-05,M2,Product_A,Evening,0.2,,46.4,441.0,6,7.2,6.53,182.6,1249.0
2025-01-05,M1,Product_B,Evening,3.8,33.5,70.4,441.0,10,53.3,6.8,200.8,2078.73
2025-01-06,M2,Product_C,Evening,12.0,22.3,58.3,506.0,2,66.5,6.16,171.2,3259.88
2025-01-06,M4,Product_A,Evening,10.7,41.5,35.4,493.0,1,0.0,5.46,174.8,1678.33
2025-01-07,M4,Product_B,Morning,8.3,29.1,45.5,509.0,1,52.8,6.1,193.7,2267.69
2025-01-08,M3,Product_C,Evening,11.5,36.3,45.1,433.0,1,22.5,5.1,116.7,2569.34
2025-01-08,M4,Product_A,Evening,5.3,23.2,61.3,483.0,3,26.1,5.78,196.6,1486.99
2025-01-08,M1,Product_A,Night,4.3,33.8,33.9,414.0,1,1.1,5.46,191.8,1339.01
2025-01-08,M5,Product_A,Morning,8.0,36.4,49.0,463.0,1,1.8,6.46,202.8,1613.9
2025-01-08,M4,Product_B,,7.8,27.3,56.7,461.0,8,12.5,5.2,160.2,2163.96
2025-01-09,M2,Product_C,Night,8.7,39.7,44.2,433.0,3,2.4,6.5,208.7,2505.35
2025-01-09,M4,Product_B,Night,8.8,39.7,66.8,466.0,19,6.4,4.97,225.4,1952.89
2025-01-09,M2,Product_A,Morning,11.8,25.7,56.9,447.0,1,12.3,5.02,187.4,1455.91
2025-01-10,M5,Product_A,Morning,2.6,29.2,55.1,484.0,9,50.9,6.22,215.4,1712.85
2025-01-11,M5,Product_C,Morning,12.8,29.9,50.4,469.0,1,15.6,5.53,191.4,2621.48
2025-01-12,M2,Product_A,Morning,5.0,32.8,41.1,457.0,1,34.0,6.1,182.9,1518.93
2025-01-12,M2,Product_B,Morning,4.6,27.6,44.8,488.0,2,13.2,6.34,192.7,1841.08
2025-01-12,M4,Product_A,Evening,,38.1,55.8,438.0,10,10.6,6.45,199.0,1156.01
2025-01-12,M4,Product_A,Evening,7.9,36.1,59.2,395.0,9,2.9,5.63,155.6,1228.31
2025-01-13,M3,Product_B,Morning,6.8,31.8,21.6,484.0,1,0.0,5.76,251.1,2292.05
2025-01-13,M5,Product_A,Morning,10.1,32.0,62.0,485.0,4,27.6,5.85,175.3,1347.43
2025-01-13,M5,Product_C,Night,1.9,25.5,57.5,439.0,4,26.4,5.74,153.0,2579.41
2025-01-14,M1,Product_C,Morning,10.3,27.6,49.3,520.0,1,20.5,6.24,238.3,3237.4
2025-01-14,M4,Product_C,Morning,9.3,,45.9,515.0,1,40.6,5.88,191.8,2819.12
2025-01-15,M1,Product_C,Morning,11.3,30.3,48.7,427.0,4,0.0,5.05,140.9,2353.45
2025-01-15,M2,Product_B,Evening,4.7,35.9,56.3,453.0,11,0.0,5.68,141.8,2189.91
2025-01-15,M2,Product_A,Morning,2.3,35.0,62.0,469.0,9,9.5,6.17,136.0,1336.24
2025-01-15,M1,Product_A,Evening,12.0,38.1,59.8,452.0,7,42.1,5.25,174.1,1342.75
2025-01-15,M3,Product_B,Morning,1.7,29.8,34.8,455.0,1,16.7,5.76,179.0,2178.64
2025-01-15,M5,Product_B,Night,4.3,31.1,65.1,405.0,7,5.0,5.88,109.8,1835.49
2025-01-16,M5,Product_B,Morning,7.9,41.9,62.3,505.0,11,13.4,5.28,206.3,2257.07
2025-01-16,M5,Product_C,Morning,5.5,,54.2,457.0,5,35.4,5.95,172.1,2601.03
2025-01-17,M5,Product_B,Morning,9.5,34.4,44.1,495.0,1,0.0,5.26,296.7,2279.07
2025-01-17,M4,Product_B,,3.9,37.3,58.8,416.0,5,67.1,7.14,208.4,1769.85
2025-01-18,M1,Product_A,Night,5.6,,36.9,462.0,4,21.3,6.18,211.4,1220.82
2025-01-18,M4,Product_B,Morning,4.5,29.4,66.0,454.0,7,13.1,6.05,228.8,2076.23
2025-01-19,M2,Product_A,Night,0.0,36.3,67.7,426.0,14,17.4,6.03,205.0,1291.62
2025-01-20,M2,Product_A,Morning,11.6,29.6,65.9,497.0,6,30.1,5.62,239.1,1684.85
2025-01-21,M4,Product_B,Morning,4.4,32.9,48.5,454.0,9,9.8,5.94,170.8,2160.88
2025-01-21,M3,Product_C,Morning,,,35.6,486.0,1,21.1,5.6,167.0,2681.92
2025-01-21,M3,Product_B,Evening,10.5,36.7,47.7,513.0,2,33.9,5.53,212.1,2449.31
2025-01-21,M5,Product_B,Evening,9.2,38.8,43.3,,6,13.4,5.87,212.0,2362.72
2025-01-21,M3,Product_A,Evening,7.8,34.5,52.6,463.0,5,18.0,4.73,230.9,1500.87
2025-01-21,M2,Product_A,Evening,8.2,23.8,73.8,466.0,5,2.6,6.5,200.1,1384.54
2025-01-22,M5,Product_A,Night,1.9,39.5,53.9,405.0,13,13.7,7.52,140.0,1382.5
2025-01-22,M3,Product_A,Morning,7.7,42.9,63.4,473.0,12,0.0,6.17,153.4,1645.37
2025-01-22,M3,Product_B,Evening,4.8,33.0,52.0,450.0,4,8.3,6.52,167.5,2178.37
2025-01-23,M2,Product_C,Evening,12.3,,51.4,460.0,3,9.6,5.61,170.8,2991.58
2025-01-23,M3,Product_A,Evening,6.1,38.2,57.0,470.0,13,73.2,6.52,222.0,1459.18
2025-01-24,M4,Product_B,Evening,7.1,32.3,57.7,416.0,8,28.6,6.16,183.4,1858.05
2025-01-24,M3,Product_C,Night,3.4,28.2,62.8,417.0,8,9.9,6.71,175.3,2539.0
2025-01-24,M1,Product_A,Night,10.0,23.8,50.1,,1,0.0,5.93,194.4,1462.97
2025-01-24,M5,Product_A,,6.0,31.4,67.4,495.0,15,6.4,6.48,223.6,1729.06
2025-01-24,M1,Product_A,Night,9.6,,66.5,,11,0.0,5.42,164.0,1354.37
2025-01-25,M1,Product_B,Morning,,33.2,47.5,471.0,2,22.3,6.96,220.6,2032.38
2025-01-26,M2,Product_B,Night,3.6,37.7,55.4,397.0,11,29.0,5.53,135.7,1927.84
2025-01-27,M4,Product_A,Morning,,29.2,41.4,462.0,2,45.9,6.62,221.0,1553.52
2025-01-27,M3,Product_C,Evening,6.3,37.2,57.0,470.0,8,1.0,6.02,245.9,2734.91
2025-01-27,M5,Product_A,Morning,4.6,30.5,57.9,437.0,7,25.6,5.46,133.0,1355.66
2025-01-27,M4,Product_C,Evening,4.4,28.2,56.6,413.0,6,25.3,6.61,136.1,2646.04
2025-01-28,M3,Product_A,Night,8.1,36.3,65.0,382.0,6,37.5,5.89,139.6,1412.78
2025-01-28,M2,Product_C,Morning,0.0,31.8,38.9,461.0,7,21.0,5.9,186.3,3103.62
2025-01-28,M3,Product_B,Morning,11.6,36.8,65.8,452.0,11,41.5,5.67,174.6,2212.72
2025-01-28,M2,Product_C,Night,8.6,35.7,34.9,432.0,1,26.7,6.01,198.6,2513.9
2025-01-28,M3,Product_A,Morning,2.7,38.7,52.9,470.0,12,48.6,6.85,196.2,1562.22
2025-01-29,M2,Product_A,Night,1.2,40.6,62.4,421.0,14,28.5,6.09,190.7,1178.17
2025-01-29,M1,Product_B,Evening,5.1,33.6,45.1,470.0,1,30.2,5.45,166.6,2123.08
2025-01-29,M2,Product_A,Evening,9.3,,64.5,493.0,10,13.5,5.84,188.6,1313.28
2025-01-30,M3,Product_A,Night,7.4,35.9,51.3,424.0,4,34.9,6.32,220.0,1378.84
2025-01-30,M2,Product_C,Night,4.4,31.2,54.3,509.0,5,37.6,7.03,234.3,2965.1
2025-02-01,M2,Product_A,Night,7.1,29.7,47.8,458.0,3,3.7,6.27,176.3,1331.13
2025-02-01,M1,Product_B,Night,9.5,23.7,45.2,506.0,1,27.3,5.72,226.6,2199.74
2025-02-02,M4,Product_B,Night,10.7,39.8,55.5,458.0,5,20.2,5.92,186.9,2065.36
2025-02-02,M5,Product_A,Evening,5.8,34.9,65.3,487.0,13,2.9,5.04,195.5,1734.21
2025-02-02,M4,Product_A,Morning,3.5,40.2,67.6,458.0,11,23.8,6.42,193.6,1333.98
2025-02-02,M4,Product_A,Evening,,26.6,62.0,486.0,9,10.4,5.4,223.3,1575.39
2025-02-02,M1,Product_A,Evening,16.7,39.6,69.5,455.0,5,0.0,4.71,235.9,1462.35
2025-02-02,M3,Product_C,Morning,10.4,,46.8,476.0,8,37.8,5.19,164.2,3005.21
2025-02-03,M2,Product_B,Morning,1.3,34.6,61.1,499.0,12,8.3,6.93,229.7,2337.63
2025-02-03,M5,Product_B,Night,0.8,26.5,57.3,416.0,8,19.6,6.4,194.8,1878.52
2025-02-04,M1,Product_A,Evening,3.7,35.8,78.3,459.0,14,5.9,7.33,225.9,1575.68
2025-02-04,M5,Product_B,Morning,5.5,21.8,53.2,447.0,10,36.5,5.56,204.9,2321.18
2025-02-04,M4,Product_A,Night,3.0,34.2,68.3,412.0,10,3.6,5.49,172.6,1530.43
2025-02-04,M4,Product_A,Morning,0.6,33.9,48.6,473.0,11,29.3,6.55,208.1,1399.34
2025-02-05,M4,Product_A,Morning,0.0,32.0,53.6,506.0,7,6.5,6.84,169.3,1486.62
2025-02-05,M1,Product_A,Evening,14.8,35.3,56.9,444.0,2,0.0,5.13,209.4,1301.28
2025-02-05,M5,Product_A,Night,10.8,24.5,56.3,471.0,1,0.0,6.56,175.5,1435.46
2025-02-06,M1,Product_C,Evening,12.2,30.1,52.4,506.0,6,0.0,6.44,266.8,2703.48
2025-02-06,M4,Product_A,Morning,12.1,34.3,48.6,520.0,1,0.0,6.36,245.5,1879.78
2025-02-06,M5,Product_A,Morning,6.5,32.8,40.9,519.0,3,53.5,6.34,182.2,1796.11
2025-02-07,M3,Product_B,Morning,0.2,23.1,57.6,464.0,5,15.4,6.3,192.1,1924.74
2025-02-07,M3,Product_B,Morning,3.4,30.2,40.4,453.0,1,4.2,5.75,197.7,2251.47
2025-02-07,M2,Product_A,Evening,10.0,27.9,47.0,459.0,1,17.4,5.48,125.4,1703.65
2025-02-08,M1,Product_A,Night,0.0,33.1,52.7,437.0,8,20.4,6.53,209.8,1439.41
2025-02-08,M3,Product_A,Morning,,19.4,45.3,493.0,2,8.2,5.76,249.0,1153.53
2025-02-08,M1,Product_C,Evening,2.0,33.9,48.1,478.0,6,25.2,7.37,181.8,2711.73
2025-02-08,M3,Product_B,Evening,11.3,33.3,54.5,503.0,3,5.2,4.96,240.7,2501.98
2025-02-09,M2,Product_B,Evening,5.3,23.7,59.2,432.0,3,28.2,6.22,151.6,1929.04
2025-02-10,M1,Product_C,Night,9.3,25.5,57.8,459.0,1,0.6,6.62,186.9,2986.9
2025-02-10,M5,Product_B,Morning,14.1,32.3,60.4,481.0,8,9.4,5.09,199.9,2407.49
2025-02-11,M5,Product_C,Morning,7.6,28.6,70.0,468.0,7,12.8,6.78,170.0,3032.27
2025-02-11,M2,Product_C,Evening,3.8,37.4,50.0,466.0,1,10.4,5.79,175.1,2625.13
2025-02-12,M4,Product_C,Morning,6.0,39.6,70.7,479.0,13,7.1,5.77,193.7,2915.77
2025-02-12,M2,Product_A,Evening,12.4,42.1,48.3,443.0,3,0.0,7.12,172.6,1310.88
2025-02-13,M1,Product_A,Night,7.6,38.3,47.6,474.0,1,18.9,5.81,221.6,1299.05
2025-02-13,M5,Product_C,Morning,12.9,29.8,75.1,467.0,7,20.3,5.95,184.9,2899.29
2025-02-13,M5,Product_A,Night,5.7,33.7,58.8,421.0,8,4.0,6.24,214.4,1500.75
2025-02-14,M4,Product_A,Evening,3.5,35.7,58.4,455.0,9,42.4,6.09,200.6,1394.1
2025-02-14,M1,Product_A,Evening,10.3,38.5,52.6,472.0,7,3.0,5.76,170.3,1466.9
2025-02-15,M4,Product_B,Night,9.9,35.5,43.8,,2,12.6,6.27,159.5,1813.71
2025-02-15,M2,Product_A,Evening,,,71.6,456.0,18,7.1,5.43,143.8,1485.62
2025-02-15,M3,Product_C,Evening,13.5,40.6,47.0,430.0,3,10.4,5.59,180.4,2396.79
2025-02-16,M3,Product_B,Morning,13.3,35.3,56.7,505.0,7,0.0,5.31,175.2,2462.25
2025-02-16,M2,Product_B,Evening,13.4,37.0,48.6,462.0,2,0.0,5.22,210.7,2043.65
2025-02-17,M3,Product_B,Morning,3.1,30.7,44.4,467.0,3,18.3,5.24,211.8,2130.54
2025-02-17,M3,Product_B,Evening,9.5,,68.1,475.0,1,29.2,6.38,179.5,2387.61
2025-02-17,M2,Product_A,Morning,5.7,26.4,68.5,461.0,9,36.2,7.43,258.8,1554.79
2025-02-17,M3,Product_B,Evening,9.7,32.0,79.3,,11,23.7,5.49,181.6,1922.2
2025-02-17,M5,Product_B,Morning,8.4,34.9,52.3,476.0,4,17.7,5.45,218.2,1806.26
2025-02-17,M5,Product_B,Morning,4.5,23.2,58.2,442.0,7,4.4,4.92,168.4,2279.19
2025-02-17,M1,Product_A,Night,10.4,,40.0,,6,14.2,6.36,166.9,1300.55
2025-02-18,M2,Product_A,Morning,10.6,36.1,45.0,512.0,1,17.3,6.6,205.5,1787.95
2025-02-18,M1,Product_B,Evening,12.1,33.9,70.6,501.0,10,22.5,5.83,211.3,2268.11
2025-02-18,M1,Product_B,Night,7.5,,45.3,402.0,1,0.0,5.35,180.0,1570.06
2025-02-19,M1,Product_B,Morning,10.8,35.5,48.0,487.0,2,16.7,5.8,174.6,2270.98
2025-02-19,M2,Product_B,Evening,4.7,32.5,58.2,427.0,6,1.6,5.74,148.5,2041.81
2025-02-20,M2,Product_C,Morning,13.9,31.7,56.5,467.0,2,4.2,5.45,189.5,2754.3
2025-02-20,M3,Product_C,Night,8.0,35.5,42.0,,2,17.1,6.88,208.6,2582.4
2025-02-20,M2,Product_B,Night,8.6,36.0,63.7,457.0,10,6.1,5.63,232.8,2136.82
2025-02-20,M3,Product_A,Morning,8.8,38.5,49.4,492.0,4,57.8,5.29,296.1,1411.61
2025-02-20,M2,Product_A,Evening,12.2,,46.9,451.0,1,4.8,6.4,212.3,1190.73
2025-02-21,M3,Product_A,Evening,9.9,37.3,56.3,523.0,10,0.0,5.51,194.5,1686.61
2025-02-21,M1,Product_B,Morning,,32.0,50.0,467.0,1,14.5,5.38,226.9,2122.34
2025-02-21,M2,Product_A,,9.5,39.3,51.1,488.0,5,28.5,7.0,209.0,1669.84
2025-02-21,M2,Product_C,Morning,7.7,30.5,57.6,458.0,2,0.0,5.98,164.9,2742.43
2025-02-22,M4,Product_A,Morning,8.6,33.7,65.8,475.0,8,5.8,5.29,227.4,1488.77
2025-02-22,M5,Product_A,Evening,11.5,40.0,61.9,456.0,8,14.6,5.7,189.0,1502.9
2025-02-22,M2,Product_B,Morning,15.8,41.4,44.8,473.0,4,14.2,5.27,184.0,2164.97
2025-02-22,M5,Product_B,Morning,7.5,40.8,59.4,,8,0.8,6.13,201.4,2271.6
2025-02-22,M5,Product_C,Morning,0.2,31.8,40.6,460.0,5,21.2,6.87,214.2,2673.94
2025-02-23,M1,Product_A,Evening,7.3,29.5,53.2,482.0,6,25.3,6.21,174.3,1283.79
2025-02-23,M3,Product_A,Evening,6.3,34.4,65.5,464.0,6,27.0,5.11,162.4,1187.48
2025-02-23,M2,Product_A,Evening,5.8,27.9,61.8,425.0,7,11.8,6.46,126.7,1430.08
2025-02-23,M3,Product_B,Evening,,29.5,45.7,475.0,4,9.3,6.83,172.0,1924.93
2025-02-23,M4,Product_C,Evening,16.5,32.6,58.2,483.0,6,0.4,5.54,223.7,2751.18
2025-02-23,M1,Product_B,Evening,7.9,39.3,61.9,457.0,11,37.3,6.62,137.2,2116.59
2025-02-23,M5,Product_A,Morning,5.1,35.3,52.3,483.0,3,21.9,5.21,208.3,1534.51
2025-02-24,M4,Product_B,Evening,1.7,33.3,39.6,479.0,4,16.1,6.53,199.9,2151.13
2025-02-24,M2,Product_A,Night,4.9,30.2,57.3,455.0,10,39.9,6.63,217.1,1221.82
2025-02-26,M1,Product_B,Morning,9.1,33.0,61.3,490.0,4,3.6,5.46,224.2,2086.53
2025-02-27,M3,Product_B,Night,8.0,35.8,51.4,443.0,3,48.5,6.14,241.5,1926.44
2025-02-27,M3,Product_B,,7.1,31.6,30.1,518.0,1,34.7,4.89,209.7,2412.79
2025-02-27,M1,Product_A,Night,5.2,33.0,49.3,441.0,7,30.7,6.82,194.8,1326.5
2025-02-27,M3,Product_B,Evening,9.0,28.1,69.4,447.0,3,15.8,4.72,207.6,1723.24
2025-02-27,M5,Product_A,Morning,2.2,37.3,66.1,492.0,18,10.5,6.27,186.5,1494.4
2025-02-27,M3,Product_B,Morning,4.1,,53.2,440.0,5,30.6,6.7,188.5,1845.48
2025-02-27,M4,Product_A,Morning,16.2,35.2,50.5,511.0,1,0.2,5.66,195.6,1664.72
2025-02-28,M3,Product_A,Evening,9.6,20.4,50.4,444.0,1,25.3,6.05,205.5,1301.31
2025-02-28,M4,Product_A,Morning,4.8,28.1,51.2,483.0,3,14.8,6.11,204.8,1659.21
2025-03-01,M2,Product_A,Evening,9.5,33.1,53.7,470.0,1,46.1,5.85,186.0,1968.22
2025-03-01,M1,Product_B,Morning,2.5,37.9,55.4,506.0,15,7.6,6.04,182.2,2321.36
2025-03-01,M3,Product_B,Night,7.0,34.9,53.8,456.0,1,7.4,6.4,189.5,1965.86
2025-03-01,M1,Product_C,Morning,11.1,29.8,58.2,,1,13.8,5.33,165.0,2747.13
2025-03-02,M1,Product_B,Evening,7.0,23.5,44.9,476.0,2,2.0,5.78,198.4,2239.84
2025-03-03,M1,Product_B,Morning,15.1,35.1,45.3,512.0,5,34.3,4.74,263.0,2252.17
2025-03-03,M5,Product_C,Morning,7.8,31.2,52.5,457.0,7,2.2,5.56,181.9,2671.82
2025-03-03,M2,Product_C,Night,3.9,32.5,74.8,458.0,8,65.3,6.87,208.6,2863.67
2025-03-03,M5,Product_C,Night,3.7,32.6,63.4,458.0,12,47.1,6.52,152.8,2633.0
2025-03-03,M2,Product_C,Night,10.0,22.6,44.1,454.0,1,11.7,5.24,234.4,2705.83
2025-03-04,M3,Product_B,Evening,8.3,33.1,32.6,441.0,1,0.0,5.72,193.3,2044.57
2025-03-04,M3,Product_B,Night,9.4,39.3,48.4,426.0,8,23.0,6.03,119.1,1611.52
2025-03-04,M5,Product_B,,4.8,33.7,39.8,450.0,7,19.4,6.45,226.2,1909.02
2025-03-04,M4,Product_A,Night,3.7,25.5,38.8,428.0,3,13.5,5.81,135.2,1270.39
2025-03-05,M5,Product_A,Morning,7.1,25.6,57.6,466.0,5,14.1,5.34,252.9,1493.89
2025-03-06,M4,Product_B,Morning,6.1,30.6,60.1,457.0,5,10.7,5.99,186.3,1972.92
2025-03-06,M2,Product_A,Evening,2.2,29.5,42.1,462.0,1,4.8,6.69,214.5,1056.19
2025-03-06,M2,Product_A,Morning,3.3,40.0,63.2,509.0,20,24.2,5.88,239.2,1638.34
2025-03-07,M4,Product_A,Morning,12.1,28.6,60.0,475.0,2,51.4,5.32,233.3,1692.15
2025-03-07,M1,Product_B,Morning,7.6,41.5,55.0,498.0,5,8.8,5.59,255.9,2049.62
2025-03-08,M2,Product_A,Morning,12.9,31.8,68.3,506.0,5,11.5,5.26,250.2,1765.51
2025-03-08,M4,Product_A,Evening,10.3,30.0,54.6,464.0,3,8.3,4.65,197.9,1235.24
2025-03-08,M3,Product_B,Morning,6.9,42.1,42.4,443.0,6,1.9,6.66,215.7,1840.51
2025-03-09,M5,Product_A,Night,10.7,37.3,60.1,469.0,10,30.7,6.71,204.0,1808.19
2025-03-09,M3,Product_C,Evening,13.5,40.6,58.7,472.0,9,5.0,4.4,218.9,2550.19
2025-03-10,M4,Product_A,Morning,0.0,30.7,59.3,451.0,6,37.5,6.28,205.9,1598.42
2025-03-10,M4,Product_A,Night,6.8,32.7,48.3,452.0,1,11.9,5.38,187.2,1481.49
2025-03-10,M2,Product_B,,12.5,40.3,77.6,443.0,10,6.8,5.26,209.6,1942.09
2025-03-10,M2,Product_A,,12.7,30.5,48.5,482.0,1,20.8,6.06,188.2,2006.41
2025-03-10,M1,Product_B,Morning,10.0,38.5,51.1,492.0,8,33.4,6.42,207.9,2058.29
2025-03-11,M4,Product_A,Evening,9.7,37.5,51.1,437.0,5,63.2,5.42,201.8,1463.76
2025-03-11,M1,Product_A,Morning,2.9,44.8,62.3,497.0,16,31.1,6.82,241.6,1732.03
2025-03-12,M4,Product_B,Morning,5.4,23.7,26.6,483.0,1,19.2,5.8,208.2,1926.39
2025-03-12,M2,Product_C,Morning,9.8,25.1,57.3,505.0,1,14.1,5.16,242.7,2874.17
2025-03-13,M1,Product_B,Evening,2.9,41.4,74.5,418.0,15,22.5,6.59,132.3,1844.11
2025-03-13,M2,Product_C,Night,8.2,24.4,60.5,445.0,1,10.9,6.73,206.0,2704.5
2025-03-14,M5,Product_B,Morning,5.4,28.4,62.8,492.0,4,10.4,6.08,192.7,2426.56
2025-03-15,M2,Product_A,Night,10.2,30.1,66.2,493.0,8,21.7,5.38,216.4,1747.08
2025-03-16,M4,Product_C,Evening,12.9,32.5,53.4,463.0,7,1.8,5.81,239.4,2816.76
2025-03-16,M2,Product_B,Evening,8.6,36.0,50.7,435.0,6,3.4,5.93,193.6,2033.87
2025-03-16,M5,Product_B,Night,6.4,33.8,67.9,467.0,8,11.2,5.47,223.6,2104.42
2025-03-16,M1,Product_B,Morning,6.4,27.9,74.7,494.0,10,38.3,6.04,189.0,2164.56
2025-03-17,M1,Product_C,Evening,1.1,28.5,51.7,525.0,4,1.4,5.58,217.1,3275.94
2025-03-21,M3,Product_B,Morning,6.6,27.6,66.2,451.0,8,10.6,5.68,190.7,2011.03
2025-03-22,M4,Product_C,Morning,1.5,32.7,61.8,451.0,13,22.5,7.37,174.4,2717.48
2025-03-22,M3,Product_A,Night,1.3,33.7,56.7,427.0,13,24.4,6.99,203.7,1450.5
2025-03-22,M2,Product_C,Evening,11.2,27.6,68.0,476.0,5,9.0,5.0,184.1,2796.57
2025-03-22,M1,Product_A,Night,8.1,35.5,47.4,469.0,6,0.0,6.1,172.5,1609.26
2025-03-23,M4,Product_C,Morning,7.3,42.7,47.0,,8,9.9,5.6,242.0,3170.87
2025-03-23,M1,Product_A,Evening,9.0,23.0,50.3,463.0,1,0.0,7.41,209.6,1443.5
2025-03-23,M1,Product_B,,3.0,35.2,54.4,375.0,3,23.8,5.88,124.0,1671.38
2025-03-25,M2,Product_A,Morning,5.1,28.1,50.0,520.0,3,19.3,5.74,233.6,1741.58
2025-03-25,M4,Product_A,Evening,2.5,31.5,59.5,398.0,8,71.5,6.05,174.4,1259.51
2025-03-25,M3,Product_B,Evening,7.9,37.6,51.4,486.0,8,0.0,4.95,220.5,2107.04
2025-03-25,M2,Product_A,Morning,4.3,35.3,71.6,451.0,11,15.4,6.21,188.4,1521.3
2025-03-26,M5,Product_C,Morning,4.9,30.7,48.8,466.0,2,19.2,6.56,237.1,2696.73
2025-03-27,M5,Product_B,Evening,4.3,38.7,49.9,483.0,8,10.4,5.85,155.8,2125.26
2025-03-27,M1,Product_A,Morning,10.5,35.7,47.3,520.0,5,8.2,5.46,195.4,1909.2
2025-03-27,M2,Product_A,Night,6.6,33.0,64.2,473.0,8,18.1,5.36,190.7,1373.94
2025-03-27,M2,Product_C,,7.9,29.6,58.1,473.0,7,2.6,5.2,185.1,3085.2
2025-03-27,M5,Product_B,Evening,0.6,35.6,54.7,461.0,12,63.0,6.74,175.1,2064.89
2025-03-28,M2,Product_C,Night,6.7,28.7,46.7,399.0,1,11.4,5.63,165.6,2342.64
2025-03-29,M1,Product_B,Night,4.2,30.9,46.8,432.0,1,19.0,5.58,161.2,1963.75
2025-03-29,M1,Product_B,Morning,5.5,32.3,62.5,483.0,9,6.0,6.06,206.8,2280.94
2025-03-29,M1,Product_B,Morning,,43.4,48.6,467.0,13,45.4,6.51,193.4,1799.27
2025-03-30,M3,Product_B,Evening,4.8,39.6,55.3,502.0,11,91.8,6.62,230.1,2235.83
2025-03-30,M2,Product_C,Morning,11.1,31.3,57.7,489.0,6,6.7,5.71,241.6,3069.86
2025-03-30,M3,Product_A,Evening,6.7,29.4,50.9,459.0,3,11.4,6.47,212.5,1333.14
2025-03-30,M5,Product_B,Evening,12.0,36.8,63.4,472.0,7,13.4,5.27,183.9,2324.29
2025-03-31,M3,Product_C,Morning,6.6,35.6,63.6,480.0,5,5.3,7.63,159.4,2715.48
2025-03-31,M4,Product_C,Evening,4.2,28.3,76.0,508.0,14,9.2,5.93,212.6,3145.5
2025-03-31,M5,Product_C,Morning,6.1,28.5,60.3,472.0,2,20.9,5.83,140.6,2661.12
2025-03-31,M3,Product_B,Evening,5.1,32.4,69.4,422.0,7,8.8,5.96,178.2,1899.69
2025-03-31,M1,Product_B,Evening,7.3,29.0,63.9,477.0,6,46.5,5.59,165.6,2301.43
2025-03-31,M1,Product_A,Evening,2.8,,69.0,450.0,14,11.6,7.35,204.5,1384.19
2025-03-31,M2,Product_A,Morning,3.8,29.2,55.7,501.0,9,41.5,6.51,166.1,1599.69
2025-04-02,M5,Product_A,Morning,6.8,39.5,59.3,436.0,10,5.9,6.53,188.0,1378.12
2025-04-02,M3,Product_A,Morning,9.9,32.8,45.3,468.0,3,25.9,6.9,115.4,1645.79
2025-04-02,M4,Product_A,Morning,7.7,31.1,53.6,485.0,5,12.7,5.6,165.0,1641.2
2025-04-02,M2,Product_A,Morning,6.2,34.1,61.6,458.0,7,9.8,7.51,189.7,1440.45
2025-04-03,M1,Product_A,Morning,9.1,34.7,37.2,468.0,1,10.3,6.06,229.8,1564.92
2025-04-03,M4,Product_B,Morning,10.0,36.5,54.7,435.0,1,42.9,5.72,209.3,1904.41
2025-04-03,M2,Product_A,Morning,13.3,39.8,63.3,474.0,11,23.9,5.16,178.0,1516.79
2025-04-03,M1,Product_C,Night,4.7,33.6,49.4,415.0,6,16.7,6.03,182.1,2710.65
2025-04-03,M3,Product_C,Morning,0.7,25.8,39.1,468.0,1,18.2,5.56,202.9,2868.34
2025-04-03,M4,Product_C,Morning,1.2,30.7,43.2,437.0,5,70.9,5.74,148.6,2375.25
2025-04-04,M2,Product_A,Morning,8.1,30.4,65.6,501.0,9,2.2,6.5,197.4,1677.69
2025-04-04,M1,Product_B,Evening,3.8,27.6,60.5,456.0,6,15.7,6.3,215.7,2117.12
2025-04-05,M1,Product_B,Morning,4.7,31.5,50.8,497.0,4,0.0,5.98,208.2,2485.07
2025-04-05,M1,Product_B,Morning,,31.9,68.5,477.0,8,0.9,7.6,201.0,2452.13
2025-04-05,M1,Product_A,Evening,4.7,28.1,66.9,510.0,10,43.6,6.32,192.9,1493.25
2025-04-06,M1,Product_B,Evening,7.3,34.6,49.4,482.0,5,0.0,6.12,212.0,2069.62
2025-04-06,M3,Product_B,Morning,9.2,33.1,50.7,,4,32.2,5.37,244.2,2388.03
2025-04-06,M1,Product_C,Morning,5.5,32.8,42.5,494.0,1,4.7,6.79,191.7,3095.62
2025-04-06,M2,Product_B,Evening,1.5,38.4,52.4,427.0,13,11.7,5.43,171.5,1892.17
2025-04-06,M4,Product_C,,1.7,36.5,45.0,447.0,5,21.5,6.48,224.3,2538.55
2025-04-06,M3,Product_B,Night,2.6,37.3,45.5,465.0,16,35.5,5.73,202.8,2095.29
2025-04-06,M3,Product_C,Evening,5.1,39.4,54.4,461.0,8,23.8,6.12,219.2,3299.34
2025-04-07,M4,Product_A,Evening,15.3,26.9,45.1,453.0,1,13.3,4.9,150.8,1467.86
2025-04-07,M3,Product_A,Morning,5.4,38.5,63.0,480.0,10,25.9,6.55,201.6,1574.13
2025-04-08,M5,Product_B,Evening,6.7,35.8,56.0,454.0,10,26.0,5.6,186.1,1880.69
2025-04-08,M3,Product_B,Night,,25.7,68.4,397.0,6,35.5,6.22,150.7,1892.46
2025-04-09,M3,Product_A,Evening,5.6,31.0,47.4,448.0,1,2.9,5.62,170.2,1474.44
2025-04-09,M4,Product_C,Evening,4.0,36.1,61.4,475.0,11,14.4,5.58,183.6,2729.21
2025-04-09,M3,Product_A,Morning,7.5,25.3,36.4,518.0,1,21.1,6.47,225.0,1572.74
2025-04-09,M2,Product_B,Night,8.7,28.0,48.4,468.0,1,2.8,5.82,228.0,1949.68
2025-04-09,M2,Product_C,Night,6.3,39.2,68.7,438.0,13,7.0,5.47,182.2,2773.75
2025-04-09,M1,Product_A,Night,9.9,31.9,59.1,431.0,4,7.1,5.22,175.2,1254.31
2025-04-09,M1,Product_B,Evening,4.5,31.9,76.1,484.0,15,6.8,6.23,257.3,2172.52
2025-04-09,M4,Product_A,Night,5.7,28.4,51.1,460.0,5,2.1,5.72,241.3,1435.04
2025-04-09,M1,Product_A,Evening,5.3,36.4,61.5,508.0,17,14.9,6.03,260.1,1578.72
2025-04-10,M5,Product_C,Night,13.8,36.1,54.9,418.0,3,5.1,5.31,167.6,2320.22
2025-04-10,M5,Product_C,Morning,9.0,30.4,57.3,484.0,9,0.0,5.61,217.6,3221.69
2025-04-10,M1,Product_A,Evening,4.9,35.7,47.0,465.0,4,11.3,4.63,132.8,1483.66
2025-04-11,M3,Product_A,Evening,4.7,39.3,54.7,472.0,8,14.4,6.79,198.8,1370.05
2025-04-11,M1,Product_A,Morning,5.1,,50.7,467.0,12,16.6,6.53,199.7,1672.79
2025-04-11,M2,Product_A,,,28.8,50.8,429.0,1,8.5,6.17,131.7,1563.64
2025-04-11,M3,Product_B,Morning,6.8,38.0,41.4,458.0,5,1.7,5.49,153.6,1767.25
2025-04-11,M1,Product_A,Morning,10.2,,46.0,498.0,1,0.0,5.35,187.3,1606.26
2025-04-11,M5,Product_A,Night,9.5,34.9,64.6,471.0,9,15.2,6.22,212.2,1500.87
2025-04-13,M4,Product_C,Night,6.3,,73.5,439.0,18,9.9,6.7,155.6,2715.58
2025-04-13,M2,Product_A,Night,0.0,28.3,63.5,438.0,3,42.3,6.79,164.4,1167.2
2025-04-13,M2,Product_A,Morning,4.1,33.6,44.7,495.0,4,0.0,5.34,277.8,1382.84
2025-04-13,M2,Product_B,Morning,6.8,38.5,48.4,510.0,7,2.6,5.26,178.0,2502.11
2025-04-13,M5,Product_A,Morning,0.8,27.3,61.8,444.0,9,17.4,6.68,164.7,1625.06
2025-04-14,M2,Product_B,Morning,16.1,24.8,52.8,521.0,1,0.0,5.55,202.8,2315.64
2025-04-14,M4,Product_C,Evening,7.2,37.4,41.1,419.0,3,6.4,5.15,220.8,2421.72
2025-04-14,M2,Product_C,Evening,11.4,33.5,42.4,475.0,1,4.3,4.99,220.5,2944.86
2025-04-14,M2,Product_B,Morning,11.9,38.7,44.7,463.0,3,54.0,6.03,210.3,2224.65
2025-04-14,M3,Product_A,Night,3.6,31.0,47.6,381.0,1,33.1,5.68,228.1,1175.4
2025-04-14,M3,Product_A,Evening,7.5,33.0,53.2,458.0,5,25.6,5.72,211.2,1631.01
2025-04-14,M1,Product_B,Evening,14.6,38.4,51.4,502.0,2,13.6,5.27,206.2,2267.26
2025-04-15,M3,Product_B,Night,0.0,33.0,58.1,471.0,9,2.7,6.09,207.5,2397.01
2025-04-16,M2,Product_B,Night,,29.9,41.1,431.0,1,12.7,6.27,159.6,1867.25
2025-04-16,M5,Product_B,Evening,8.2,36.0,59.3,472.0,5,164.8,4.65,207.3,2129.43
2025-04-17,M4,Product_B,Evening,6.0,28.5,59.7,459.0,10,7.4,7.28,214.4,1945.54
2025-04-18,M1,Product_C,Evening,10.1,32.8,50.9,,5,9.6,6.01,198.4,2533.82
2025-04-18,M3,Product_B,Evening,3.2,31.0,43.8,462.0,3,21.3,5.61,125.0,2107.43
2025-04-18,M1,Product_B,Morning,6.7,30.8,61.2,,12,3.9,6.27,234.0,2161.26
2025-04-19,M4,Product_C,Morning,9.6,40.2,44.1,514.0,7,0.0,5.11,182.3,3089.59
2025-04-19,M3,Product_A,Evening,7.4,35.7,51.2,461.0,4,5.4,6.1,187.6,1486.84
2025-04-20,M1,Product_B,Evening,2.9,30.2,59.8,446.0,9,48.1,4.98,143.5,1986.99
2025-04-21,M2,Product_B,Evening,7.6,36.1,54.9,469.0,9,14.9,4.92,192.5,2205.26
2025-04-21,M2,Product_A,Morning,0.0,31.2,55.9,440.0,10,8.4,6.6,234.2,1255.87
2025-04-21,M5,Product_C,Evening,5.8,36.3,57.7,,8,8.5,4.2,214.5,2655.01
2025-04-22,M2,Product_B,Night,12.2,,52.3,516.0,3,0.0,6.26,215.7,2479.06
2025-04-22,M1,Product_C,Morning,10.8,32.8,53.8,487.0,1,15.8,4.39,179.7,2712.15
2025-04-23,M2,Product_A,Night,5.6,23.1,44.5,423.0,2,15.1,6.93,185.5,1317.7
2025-04-23,M4,Product_A,Night,5.1,,59.1,,7,4.2,6.59,132.8,1151.23
2025-04-23,M3,Product_A,Night,9.2,29.9,46.1,474.0,1,0.0,5.15,205.1,1271.97
2025-04-23,M2,Product_C,Morning,4.5,33.0,58.8,505.0,9,16.9,6.86,205.3,2829.18
2025-04-23,M3,Product_B,Evening,15.4,31.8,38.3,467.0,1,18.6,5.73,177.3,2101.4
2025-04-23,M1,Product_A,Morning,4.4,33.7,35.3,504.0,5,11.4,7.11,219.4,1620.13
2025-04-24,M2,Product_B,Morning,8.8,35.3,81.8,495.0,13,39.2,5.43,228.0,2346.56
2025-04-24,M3,Product_A,Morning,3.6,38.2,48.8,497.0,7,20.4,6.88,218.6,1532.54
2025-04-24,M5,Product_A,Night,8.9,37.6,66.4,500.0,14,36.4,5.1,175.8,1502.49
2025-04-25,M2,Product_A,,5.0,,55.4,449.0,4,40.0,5.89,201.8,1289.76
2025-04-25,M1,Product_A,Morning,0.0,39.8,68.0,511.0,17,4.4,6.74,215.0,1675.68
2025-04-25,M4,Product_A,Evening,4.5,25.4,36.7,482.0,1,17.5,6.81,234.2,1423.53
2025-04-26,M2,Product_A,Evening,3.0,35.2,58.5,520.0,10,10.8,6.24,213.5,1590.45
2025-04-26,M2,Product_B,Evening,7.7,27.0,57.9,467.0,3,63.4,5.35,196.1,1873.83
2025-04-26,M3,Product_B,,8.0,,51.3,529.0,8,24.5,5.27,241.4,2521.8
2025-04-26,M1,Product_C,Morning,1.4,24.9,53.0,500.0,6,35.1,6.34,204.5,3098.66
2025-04-26,M1,Product_C,Evening,13.6,33.5,45.4,518.0,1,0.0,5.34,251.6,3210.74
2025-04-27,M4,Product_A,Morning,1.0,37.0,67.8,512.0,16,26.2,6.79,234.2,1641.26
2025-04-27,M4,Product_A,Morning,12.1,33.8,37.7,452.0,4,30.2,6.63,149.5,1353.82
2025-04-27,M5,Product_A,Morning,4.5,32.5,53.2,460.0,2,0.0,6.12,183.9,1732.09
2025-04-27,M1,Product_B,Evening,10.4,33.3,55.2,443.0,3,0.0,6.09,149.5,2289.02
2025-04-28,M2,Product_A,Morning,5.0,26.7,45.5,505.0,2,22.0,6.11,199.9,1586.83
2025-04-28,M4,Product_B,Morning,11.6,26.6,41.3,477.0,1,24.2,5.3,169.6,2251.67
2025-04-29,M1,Product_B,Evening,2.2,21.2,73.4,474.0,9,30.6,6.86,160.4,1922.56
2025-04-30,M1,Product_B,Evening,8.1,24.9,45.2,442.0,2,0.0,5.28,234.6,2062.54
2025-04-30,M4,Product_A,Morning,11.6,33.6,44.9,516.0,8,20.0,5.17,259.3,1804.0
2025-04-30,M2,Product_B,Morning,8.3,,49.5,443.0,1,37.3,6.03,228.0,2221.65
2025-05-01,M1,Product_A,Night,6.8,38.2,48.8,397.0,6,3.6,5.9,169.9,1241.59
2025-05-01,M2,Product_A,Night,6.8,35.1,53.2,467.0,3,0.0,6.52,164.6,1543.15
2025-05-02,M2,Product_A,Morning,11.2,25.1,41.4,440.0,1,3.4,5.69,164.9,1289.36
2025-05-02,M2,Product_B,Evening,5.8,18.0,63.8,443.0,6,13.4,7.07,164.9,2120.46
2025-05-03,M5,Product_A,Morning,11.5,33.8,66.9,468.0,6,41.2,4.65,204.6,1469.39
2025-05-03,M1,Product_A,Morning,4.9,34.7,74.4,470.0,14,17.0,6.18,229.9,1405.26
2025-05-04,M2,Product_B,Morning,8.0,29.9,54.5,471.0,4,18.8,6.48,202.0,2211.63
2025-05-04,M1,Product_A,Morning,,32.2,52.6,498.0,1,8.0,6.11,207.9,1598.59
2025-05-04,M4,Product_A,Evening,10.4,33.2,35.1,482.0,1,12.0,4.87,175.3,1507.12
2025-05-04,M2,Product_A,Night,8.6,19.3,44.9,437.0,1,50.5,4.33,155.9,1336.76
2025-05-04,M1,Product_A,Night,13.7,36.3,50.3,472.0,3,12.0,4.69,188.8,1245.37
2025-05-04,M2,Product_A,,2.5,27.0,48.7,420.0,1,18.4,6.04,155.3,1363.46
2025-05-05,M5,Product_B,Morning,,33.2,49.2,479.0,7,4.2,5.58,184.6,2086.12
2025-05-06,M1,Product_A,Night,8.0,34.2,43.7,441.0,1,52.9,5.57,169.3,1467.21
2025-05-06,M4,Product_A,Evening,8.7,32.1,59.7,470.0,4,0.0,5.97,164.0,1404.6
2025-05-07,M1,Product_A,Morning,,37.8,59.7,501.0,5,59.7,5.15,242.2,1426.63
2025-05-07,M3,Product_A,Night,3.7,33.6,35.7,445.0,1,7.3,5.84,199.4,1385.01
2025-05-08,M4,Product_C,Night,7.7,31.2,63.8,433.0,9,15.9,6.63,210.5,2787.02
2025-05-08,M5,Product_A,Night,8.8,30.6,55.7,464.0,8,15.6,5.7,143.7,1478.99
2025-05-08,M3,Product_B,Night,2.7,26.5,67.0,382.0,3,33.2,7.71,159.2,1603.04
2025-05-08,M3,Product_C,Night,10.0,33.2,64.2,480.0,7,30.4,6.14,174.2,2602.04
2025-05-08,M2,Product_B,Night,8.2,30.8,61.8,,2,67.6,5.73,207.1,2116.43
2025-05-08,M2,Product_A,Morning,6.4,30.6,51.9,469.0,2,11.8,6.18,164.9,1319.51
2025-05-08,M2,Product_A,Morning,13.4,25.9,53.0,454.0,1,8.4,4.84,176.8,1377.1
2025-05-09,M2,Product_A,Evening,9.3,35.6,62.0,450.0,4,7.8,4.76,158.1,1457.87
2025-05-09,M5,Product_A,Evening,13.9,33.5,60.6,515.0,2,0.0,6.19,234.4,1637.53
2025-05-09,M4,Product_C,Night,3.4,32.6,76.8,460.0,13,35.5,6.33,176.2,2378.21
2025-05-09,M3,Product_A,Morning,5.7,28.3,55.7,474.0,1,32.0,5.61,235.6,1627.63
2025-05-09,M1,Product_B,Night,9.1,27.7,50.3,471.0,1,18.9,5.95,197.0,2293.54
2025-05-09,M5,Product_A,Morning,12.5,19.3,54.4,479.0,1,0.0,5.35,171.6,1464.54
2025-05-09,M2,Product_A,Morning,3.5,32.2,55.1,519.0,6,72.2,6.37,200.9,1533.95
2025-05-10,M2,Product_A,Morning,,26.6,59.4,447.0,9,19.9,6.75,233.0,1399.82
2025-05-10,M3,Product_A,Night,7.7,22.8,65.5,411.0,1,12.6,5.42,185.2,1190.18
2025-05-10,M3,Product_C,Morning,5.9,26.9,55.6,466.0,2,33.9,5.86,189.9,2834.43
2025-05-10,M1,Product_C,Morning,9.9,35.4,47.6,457.0,3,17.8,5.29,190.3,2811.44
2025-05-10,M2,Product_C,Night,4.5,,78.1,456.0,13,50.7,5.22,215.6,2648.33
2025-05-10,M3,Product_C,Evening,2.9,39.8,46.4,482.0,4,22.1,6.86,190.3,2985.18
2025-05-10,M3,Product_A,Morning,9.1,,62.3,468.0,4,24.9,6.05,172.9,1526.45
2025-05-11,M3,Product_C,Night,8.3,27.1,63.2,445.0,1,39.8,5.52,189.9,2615.99
2025-05-11,M3,Product_A,Morning,4.7,36.6,59.7,504.0,11,5.0,6.82,259.2,1450.31
2025-05-11,M5,Product_B,Evening,15.2,32.7,50.0,455.0,4,9.1,5.5,245.2,2328.66
2025-05-11,M1,Product_B,Evening,4.9,31.4,54.4,434.0,7,32.7,5.36,167.8,1890.47
2025-05-11,M2,Product_C,Night,5.9,31.3,47.8,450.0,1,21.1,5.84,179.5,2815.57
2025-05-12,M5,Product_C,Night,,28.9,68.7,467.0,14,20.3,5.47,169.1,3069.89
2025-05-12,M1,Product_C,Night,5.6,26.2,52.8,438.0,4,3.6,6.53,128.7,2704.34
2025-05-12,M1,Product_A,Evening,1.8,32.9,62.0,412.0,9,14.0,6.35,154.3,1410.16
2025-05-14,M5,Product_C,Morning,11.8,27.0,57.3,472.0,1,7.8,6.16,213.6,2814.67
2025-05-14,M2,Product_A,Evening,10.9,40.5,64.9,522.0,8,30.7,6.57,236.1,1769.96
2025-05-15,M1,Product_B,Night,7.5,37.3,56.8,472.0,11,54.9,5.86,239.1,2114.19
2025-05-15,M1,Product_A,Morning,7.5,33.1,62.8,,11,16.9,5.54,217.6,1634.33
2025-05-15,M1,Product_C,Evening,10.2,33.3,50.6,450.0,3,0.0,5.14,227.1,2725.09
2025-05-15,M1,Product_B,Morning,6.7,33.3,58.5,520.0,2,55.8,6.39,183.4,2058.77
2025-05-15,M4,Product_A,Morning,10.6,36.3,56.7,475.0,2,49.1,6.9,151.6,1545.05
2025-05-16,M5,Product_B,Morning,7.8,36.7,67.2,496.0,7,71.8,5.73,160.4,2251.16
2025-05-16,M1,Product_B,Morning,11.5,31.9,61.4,477.0,7,5.4,4.69,184.3,2454.86
2025-05-16,M2,Product_B,Night,11.3,35.8,46.3,525.0,5,15.0,5.72,214.6,2296.42
2025-05-17,M2,Product_A,Evening,5.8,25.1,52.2,445.0,1,8.1,5.51,186.9,1494.91
2025-05-17,M5,Product_B,,1.6,25.0,56.8,483.0,4,26.0,7.68,168.6,2108.51
2025-05-17,M3,Product_B,Morning,,39.2,37.5,495.0,4,1.0,6.37,184.2,1941.02
2025-05-17,M2,Product_C,Evening,13.3,31.8,63.7,474.0,3,11.2,6.18,144.6,2743.8
2025-05-18,M4,Product_B,Night,9.2,25.8,45.0,424.0,3,64.5,5.99,168.9,2006.47
2025-05-18,M4,Product_B,Morning,3.6,44.4,55.6,469.0,10,54.1,6.54,156.0,2144.27
2025-05-19,M2,Product_A,Morning,,33.8,46.6,525.0,1,44.6,5.15,142.8,1788.92
2025-05-19,M2,Product_B,Morning,4.3,27.8,53.6,459.0,4,64.1,7.33,231.8,2260.62
2025-05-20,M5,Product_A,Morning,8.6,31.7,53.0,519.0,4,84.7,6.76,202.7,1434.16
2025-05-20,M2,Product_B,Morning,12.0,32.9,60.0,451.0,7,11.6,5.49,201.0,2191.41
2025-05-20,M1,Product_A,Evening,11.2,39.7,52.0,508.0,3,27.4,5.3,173.7,1921.82
2025-05-21,M1,Product_B,Evening,10.4,24.9,64.9,455.0,1,14.4,7.25,234.2,2188.27
2025-05-22,M2,Product_A,,7.6,38.4,65.4,468.0,10,56.9,6.27,183.3,1432.77
2025-05-22,M3,Product_A,Evening,6.4,19.6,49.6,419.0,1,6.3,5.7,144.9,1250.57
2025-05-22,M2,Product_A,Morning,6.1,28.7,50.8,473.0,6,9.3,6.69,230.4,1507.84
2025-05-23,M1,Product_A,Evening,16.6,43.2,64.4,497.0,12,27.9,4.56,193.2,1512.61
2025-05-23,M2,Product_A,Evening,5.9,30.0,50.1,454.0,2,71.4,6.01,221.2,1225.12
2025-05-24,M3,Product_A,Evening,5.8,18.9,60.6,418.0,5,11.5,4.84,149.7,1506.91
2025-05-24,M4,Product_B,Night,10.8,28.6,57.8,455.0,3,6.2,5.39,178.6,2231.29
2025-05-24,M4,Product_C,Evening,9.8,30.9,51.7,474.0,1,10.4,6.72,255.1,2755.31
2025-05-24,M1,Product_B,Night,13.2,34.9,55.1,456.0,5,0.0,6.04,219.8,2122.81
2025-05-24,M3,Product_B,Morning,8.2,30.2,48.5,502.0,2,0.0,6.2,191.2,2184.23
2025-05-24,M1,Product_B,Morning,10.8,31.8,67.7,456.0,4,0.3,5.57,167.6,2057.55
2025-05-25,M1,Product_A,Evening,6.9,22.2,53.4,433.0,1,22.4,6.21,171.9,1435.11
2025-05-25,M4,Product_B,Evening,,39.1,51.7,448.0,11,3.9,6.01,191.3,1831.49
2025-05-25,M2,Product_C,Night,2.6,34.9,44.8,409.0,6,15.7,6.85,202.7,2335.83
2025-05-26,M1,Product_C,,6.1,38.5,71.9,430.0,12,3.2,5.78,144.1,2665.06
2025-05-26,M5,Product_A,Morning,1.2,26.1,39.3,461.0,2,18.6,5.84,196.6,1745.73
2025-05-27,M2,Product_C,Evening,13.8,30.9,44.1,470.0,2,0.0,5.82,244.9,3190.41
2025-05-27,M5,Product_A,Morning,8.1,25.9,49.3,464.0,1,33.2,5.89,206.4,1582.05
2025-05-27,M4,Product_A,Morning,2.6,24.7,59.6,486.0,4,30.0,5.67,190.9,1637.54
2025-05-27,M2,Product_B,Morning,10.9,36.7,60.8,486.0,10,6.6,4.84,200.5,2155.85
2025-05-27,M1,Product_C,Morning,13.5,25.7,61.0,520.0,4,0.0,5.05,220.7,3322.78
2025-05-27,M3,Product_C,Night,2.9,43.3,64.2,437.0,13,33.4,5.88,171.5,2740.18
2025-05-27,M3,Product_A,Evening,2.9,33.7,50.6,461.0,9,12.7,7.24,142.6,1380.11
2025-05-28,M1,Product_A,Morning,0.0,34.1,48.8,450.0,4,31.8,6.77,159.5,1680.99
2025-05-28,M4,Product_A,Evening,11.1,30.0,55.2,504.0,6,58.7,6.83,222.8,1807.92
2025-05-28,M1,Product_B,Morning,,33.9,54.4,490.0,5,2.9,5.0,239.3,2325.89
2025-05-28,M4,Product_A,Morning,3.8,34.9,58.6,482.0,11,15.1,6.48,168.3,1532.06
2025-05-30,M1,Product_A,Morning,10.3,40.1,52.0,489.0,8,26.9,4.62,205.0,1405.31
2025-05-30,M3,Product_A,Evening,10.8,27.5,48.6,485.0,1,2.8,6.32,246.0,1434.24
2025-05-31,M4,Product_A,Morning,12.3,27.1,62.4,469.0,4,8.9,5.39,127.8,1273.49
2025-05-31,M2,Product_A,Evening,7.9,,54.1,452.0,4,5.1,5.53,133.9,1443.6
2025-05-31,M3,Product_A,,5.0,29.0,47.5,508.0,5,26.8,6.45,229.4,1753.61
2025-05-31,M2,Product_B,Evening,1.2,31.0,71.1,446.0,12,22.4,6.82,157.4,2038.34
2025-06-01,M1,Product_A,Night,7.5,26.7,67.8,465.0,7,28.3,5.51,171.3,1256.05
2025-06-01,M1,Product_A,Night,0.0,35.5,45.4,,5,12.5,7.32,126.4,1865.39
2025-06-01,M2,Product_A,Night,8.8,40.5,45.0,413.0,2,34.5,5.36,231.1,1165.2
2025-06-01,M2,Product_B,,7.6,33.8,52.8,466.0,6,36.5,6.12,214.9,2188.83
2025-06-01,M1,Product_B,Morning,5.2,44.7,47.7,437.0,11,30.8,5.71,214.2,1928.96
2025-06-01,M4,Product_B,Night,14.5,35.3,55.5,424.0,5,13.4,5.49,163.1,2090.31
2025-06-01,M4,Product_A,Evening,1.1,,54.7,469.0,13,32.4,6.72,183.8,1402.04
2025-06-01,M1,Product_C,,3.8,31.1,49.8,454.0,7,44.3,6.2,176.1,2566.86
2025-06-02,M1,Product_B,Evening,14.7,31.7,66.6,495.0,1,5.3,4.86,184.0,2266.96
2025-06-02,M3,Product_A,Night,15.9,,58.4,483.0,4,0.0,4.94,182.4,1937.82
2025-06-02,M2,Product_A,Night,12.4,33.5,77.2,481.0,9,0.0,5.89,218.1,1407.36
2025-06-03,M2,Product_A,Night,6.7,32.8,59.2,458.0,5,15.4,6.38,220.7,1478.34
2025-06-03,M5,Product_A,Morning,5.6,41.6,47.3,475.0,11,1.8,5.99,153.3,1688.25
2025-06-03,M5,Product_C,Evening,16.0,34.2,60.0,483.0,2,3.0,5.91,226.9,2889.24
2025-06-04,M2,Product_A,Evening,7.6,37.2,58.4,469.0,3,1.2,5.6,164.8,1424.27
2025-06-04,M1,Product_A,Morning,,33.2,54.8,441.0,7,14.6,7.2,213.4,1659.09
2025-06-06,M3,Product_A,Morning,3.3,27.8,56.7,491.0,8,21.9,6.2,223.3,1617.81
2025-06-06,M3,Product_A,Evening,8.4,34.5,52.1,445.0,7,0.0,4.88,203.6,1345.28
2025-06-07,M5,Product_B,Evening,8.8,34.7,46.9,429.0,2,44.4,6.09,218.5,1965.71
2025-06-07,M4,Product_B,Evening,1.7,30.4,30.9,470.0,1,57.7,6.94,275.0,2318.19
2025-06-07,M1,Product_C,Morning,6.0,41.6,35.1,487.0,6,18.8,6.98,236.4,3046.28
2025-06-07,M4,Product_A,Evening,7.7,29.6,44.9,471.0,1,1.1,6.45,161.4,1347.51
2025-06-08,M2,Product_A,Evening,7.7,27.5,51.3,451.0,4,41.9,5.96,163.3,1567.2
2025-06-09,M2,Product_A,Evening,0.5,30.6,54.6,394.0,8,46.3,7.0,127.1,1208.71
2025-06-09,M3,Product_A,Night,9.1,31.7,59.7,507.0,9,0.0,6.52,150.3,1531.53
2025-06-09,M5,Product_B,,4.8,34.7,45.7,506.0,15,11.4,6.11,157.4,2467.79
2025-06-09,M4,Product_B,Morning,11.2,27.0,52.4,463.0,1,9.1,5.24,180.4,2287.93
2025-06-09,M5,Product_C,Morning,11.2,28.2,54.6,485.0,1,26.0,5.8,217.9,3103.75
2025-06-09,M4,Product_C,Night,8.3,27.8,63.4,455.0,2,7.5,5.45,223.2,2618.06
2025-06-09,M1,Product_A,Evening,7.2,34.1,51.3,474.0,3,57.1,6.08,204.3,1451.82
2025-06-10,M1,Product_A,Morning,0.9,24.6,37.4,488.0,1,32.0,7.34,170.7,1744.21
2025-06-10,M1,Product_C,Night,8.1,33.5,51.6,458.0,5,0.0,5.92,167.8,2538.12
2025-06-10,M2,Product_B,Evening,3.6,31.5,51.3,429.0,4,8.8,5.85,211.4,1808.2
2025-06-10,M2,Product_B,Evening,4.6,25.9,45.7,462.0,1,5.0,6.06,166.2,2030.81
2025-06-10,M2,Product_C,Morning,4.4,32.4,64.5,436.0,10,2.4,6.37,202.9,2443.78
2025-06-10,M3,Product_A,,7.9,31.0,51.8,418.0,3,37.5,6.03,158.7,1306.77
2025-06-10,M1,Product_A,Evening,3.1,28.0,66.7,471.0,6,14.8,6.33,203.1,1298.78
2025-06-10,M1,Product_A,Evening,7.6,33.1,51.5,458.0,4,3.6,5.96,177.4,1771.35
2025-06-11,M2,Product_A,Morning,5.0,40.8,68.7,476.0,20,22.3,6.17,202.3,1651.53
2025-06-11,M2,Product_A,Morning,17.2,37.2,38.9,515.0,6,0.0,4.69,239.6,1814.21
2025-06-11,M2,Product_C,Morning,13.0,33.4,47.4,453.0,1,10.4,5.72,170.8,2646.95
2025-06-12,M5,Product_A,Morning,15.8,42.5,56.5,516.0,5,24.3,4.37,248.5,1561.74
2025-06-12,M2,Product_C,Evening,6.2,27.8,44.1,468.0,1,39.9,6.76,148.1,2589.83
2025-06-12,M4,Product_C,Night,9.7,38.8,50.8,424.0,8,24.7,6.02,138.1,2281.6
2025-06-12,M2,Product_B,Evening,8.7,30.2,66.1,435.0,8,0.1,5.46,176.2,2039.07
2025-06-13,M2,Product_A,Night,3.6,27.0,52.6,420.0,5,47.1,6.21,218.3,1268.26
2025-06-13,M2,Product_A,Night,12.8,28.9,37.7,426.0,1,37.5,5.11,216.5,1378.44
2025-06-13,M1,Product_A,Evening,0.0,25.6,46.6,447.0,3,25.2,6.16,197.1,1347.44
2025-06-13,M3,Product_C,,3.6,21.0,68.1,466.0,9,43.3,7.39,195.7,2996.6
2025-06-13,M2,Product_A,Evening,13.1,36.7,42.4,467.0,2,0.0,5.24,252.9,1407.55
2025-06-14,M3,Product_A,Evening,6.9,30.4,61.5,480.0,4,14.5,5.22,192.5,1435.04
2025-06-15,M5,Product_A,Morning,6.5,21.2,62.6,498.0,3,0.0,5.66,206.0,1285.59
2025-06-16,M5,Product_B,Morning,3.5,25.6,68.7,455.0,9,9.5,5.98,209.2,1771.94
2025-06-17,M3,Product_C,Evening,11.3,,35.1,497.0,1,11.4,5.21,256.6,2946.83
2025-06-17,M2,Product_A,Morning,16.0,30.3,46.6,471.0,1,17.7,5.18,213.7,1321.96
2025-06-17,M4,Product_B,Evening,3.1,35.3,57.1,446.0,13,21.9,6.07,171.1,1815.14
2025-06-18,M4,Product_B,Morning,5.7,37.8,72.9,460.0,14,2.6,6.32,259.8,2164.29
2025-06-19,M3,Product_C,Evening,5.0,27.5,52.2,461.0,3,12.2,5.54,129.9,2706.68
2025-06-19,M2,Product_B,Evening,8.8,32.2,51.0,473.0,1,27.5,4.62,176.1,2153.28
2025-06-19,M4,Product_A,Morning,1.9,25.2,59.3,484.0,3,39.7,5.66,119.9,1339.42
2025-06-19,M3,Product_A,Evening,0.2,32.0,64.5,431.0,9,22.4,6.44,167.9,1532.76
2025-06-20,M4,Product_A,,6.7,39.0,68.5,493.0,14,27.5,5.68,232.4,1618.97
2025-06-20,M2,Product_A,,3.6,32.8,55.6,,7,34.6,5.69,237.3,1573.68
2025-06-21,M2,Product_B,Morning,7.9,25.2,50.6,437.0,2,15.3,6.57,207.6,1938.97
2025-06-21,M4,Product_A,Morning,10.2,32.6,52.6,512.0,6,23.2,6.09,212.5,1655.59
2025-06-21,M3,Product_A,Morning,11.6,33.1,63.6,504.0,3,14.5,5.36,187.4,1506.76
2025-06-21,M1,Product_C,Evening,8.3,23.4,71.0,,4,35.4,6.55,183.8,2769.64
2025-06-21,M3,Product_B,Morning,1.9,20.2,44.3,,5,7.3,7.05,213.1,2355.33
2025-06-22,M4,Product_C,Evening,8.5,32.8,43.1,434.0,4,10.2,5.33,181.3,2638.12
2025-06-23,M4,Product_C,Evening,11.8,32.0,47.8,490.0,1,17.8,5.98,229.9,3089.11
2025-06-24,M4,Product_A,Night,6.3,32.2,52.9,446.0,4,68.3,6.49,186.8,1542.54
2025-06-24,M5,Product_B,Night,3.8,30.0,71.7,,8,6.4,6.74,145.2,1872.68
2025-06-24,M3,Product_B,Morning,6.2,20.0,47.9,467.0,1,26.1,6.24,223.2,2167.01
2025-06-24,M2,Product_A,Night,8.5,24.6,44.4,465.0,1,9.7,5.15,208.6,1659.64
2025-06-25,M1,Product_A,Morning,1.8,38.8,38.9,491.0,4,17.4,6.26,207.6,1591.74
2025-06-25,M2,Product_A,Night,13.7,19.1,46.7,451.0,1,5.1,5.65,175.4,1527.51
2025-06-25,M4,Product_A,Evening,7.8,34.8,63.7,471.0,8,1.5,5.58,200.2,1398.87
2025-06-26,M1,Product_B,Night,5.5,34.7,65.6,452.0,11,0.0,7.14,143.8,1778.0
2025-06-27,M2,Product_A,Night,6.3,34.1,53.4,435.0,5,35.7,6.3,205.6,1593.08
2025-06-27,M1,Product_A,Morning,11.8,31.8,55.4,521.0,8,2.9,6.8,244.8,1930.54
2025-06-28,M4,Product_A,Morning,6.7,32.2,62.9,491.0,10,19.6,5.19,213.3,1265.97
2025-06-28,M1,Product_B,Morning,11.2,38.8,48.6,467.0,3,1.9,5.87,203.2,1935.62
2025-06-28,M4,Product_B,Night,,33.8,60.3,483.0,4,0.0,5.37,232.6,2552.44
2025-06-29,M3,Product_C,,1.3,34.3,52.5,451.0,8,20.2,6.27,209.5,2555.89
2025-06-29,M5,Product_B,Evening,3.6,18.2,44.2,482.0,1,13.2,6.66,235.9,2206.06
2025-06-29,M3,Product_B,Evening,7.9,40.1,60.2,459.0,4,22.6,5.61,134.8,2137.03
2025-06-29,M4,Product_C,Evening,7.2,26.6,55.6,491.0,1,21.7,5.82,233.9,2842.39
2025-06-30,M4,Product_B,Night,5.3,37.2,62.9,442.0,17,28.1,5.92,172.4,2177.94
2025-07-01,M2,Product_A,Morning,10.6,32.6,54.3,501.0,6,35.4,6.06,224.2,1423.53
2025-07-02,M4,Product_B,Night,7.6,28.2,63.0,449.0,5,4.7,5.6,193.8,1911.67
2025-07-02,M4,Product_B,Evening,9.5,25.9,45.2,466.0,4,3.8,6.72,183.2,2058.12
2025-07-03,M2,Product_A,Evening,3.4,33.6,79.3,465.0,13,36.1,6.51,255.7,1673.23
2025-07-03,M1,Product_A,Morning,5.4,35.2,64.2,450.0,12,15.7,5.69,226.5,1521.53
2025-07-04,M1,Product_A,Night,7.6,19.4,44.7,455.0,1,10.9,6.61,131.9,1524.08
2025-07-04,M3,Product_A,Morning,10.1,32.5,33.2,462.0,1,7.3,6.03,185.8,1678.98
2025-07-04,M3,Product_A,Morning,,32.2,67.5,477.0,4,20.2,5.96,221.7,1824.25
2025-07-05,M5,Product_C,Morning,12.9,28.8,45.3,512.0,1,46.6,5.56,170.3,2864.16
2025-07-05,M2,Product_B,Night,5.3,39.5,35.4,462.0,3,96.3,5.28,157.6,2041.79
2025-07-05,M4,Product_B,Morning,7.3,34.1,45.4,,1,27.9,6.79,206.4,1953.77
2025-07-06,M3,Product_A,Morning,,35.7,58.9,477.0,11,0.0,7.11,162.7,1673.14
2025-07-06,M3,Product_A,,7.5,40.1,55.2,439.0,10,23.5,6.69,215.7,1610.47
2025-07-06,M4,Product_A,Morning,11.2,31.7,50.0,463.0,7,15.3,5.22,224.8,1406.84
2025-07-06,M1,Product_A,Night,11.3,27.1,49.4,470.0,4,20.7,5.73,210.4,1422.46
2025-07-06,M2,Product_B,Night,0.2,36.3,62.4,,5,24.0,6.99,162.3,1983.54
2025-07-07,M5,Product_A,Evening,3.5,,49.4,463.0,1,13.7,6.43,204.0,1123.22
2025-07-07,M2,Product_A,Evening,10.6,34.0,53.2,515.0,1,20.6,4.11,261.9,1805.16
2025-07-07,M5,Product_A,Night,4.2,29.0,56.1,437.0,9,31.3,5.4,168.8,1128.87
2025-07-07,M4,Product_B,Evening,10.4,34.1,46.9,496.0,1,26.6,5.79,253.2,2327.79
2025-07-07,M2,Product_B,Evening,16.9,23.2,47.1,455.0,1,43.5,6.02,186.0,2078.34
2025-07-07,M1,Product_C,Morning,5.5,31.3,55.8,506.0,7,0.0,5.83,223.5,3239.58
2025-07-08,M1,Product_A,Morning,7.2,35.7,52.0,449.0,8,20.7,5.83,189.3,1607.58
2025-07-08,M2,Product_A,Morning,7.5,40.1,73.3,473.0,16,41.9,4.66,212.1,1411.41
2025-07-08,M3,Product_B,Morning,,32.7,54.4,477.0,10,14.0,6.42,225.2,2226.4
2025-07-08,M2,Product_A,Evening,6.6,22.6,46.9,466.0,1,27.8,5.32,199.2,1718.62
2025-07-09,M3,Product_A,Evening,0.6,32.6,46.7,486.0,8,36.1,6.35,201.3,1521.07
2025-07-09,M4,Product_A,Morning,7.2,34.8,37.3,509.0,2,7.3,6.23,250.0,1502.36
2025-07-09,M1,Product_A,Morning,9.6,29.9,70.8,517.0,14,0.0,5.66,166.7,1649.95
2025-07-09,M4,Product_B,Morning,10.0,36.8,40.5,463.0,4,0.0,4.97,181.1,2273.2
2025-07-09,M3,Product_B,Morning,14.4,25.3,48.7,503.0,1,18.5,5.41,220.4,2113.44
2025-07-09,M4,Product_A,Morning,10.4,35.4,51.8,516.0,2,3.7,5.75,212.4,1859.91
2025-07-09,M2,Product_A,Morning,6.5,23.9,52.6,491.0,1,4.4,5.52,194.2,1762.89
2025-07-09,M4,Product_A,Evening,4.1,29.9,50.6,440.0,1,10.3,6.23,195.7,1272.42
2025-07-09,M3,Product_C,Evening,7.3,39.3,57.0,441.0,7,19.8,5.77,192.1,2588.53
2025-07-09,M3,Product_A,Morning,6.5,28.9,51.4,492.0,7,16.7,5.41,177.4,1673.1
2025-07-10,M5,Product_A,Night,7.8,33.2,58.1,457.0,4,22.3,6.17,201.8,1355.84
2025-07-10,M1,Product_C,Morning,0.0,34.2,62.9,435.0,15,19.7,7.21,178.5,2638.8
2025-07-10,M2,Product_B,Morning,4.6,37.5,60.6,499.0,16,9.4,6.29,168.8,1917.29
2025-07-10,M3,Product_A,Evening,11.0,32.9,39.2,462.0,1,8.5,6.03,218.2,1221.13
2025-07-11,M3,Product_B,Morning,6.3,29.9,57.9,479.0,6,29.0,5.58,172.0,2108.99
2025-07-11,M1,Product_A,Morning,5.6,26.5,64.2,459.0,8,23.7,7.65,208.8,1500.7
2025-07-11,M3,Product_A,Night,6.8,,57.3,467.0,12,0.0,6.78,193.4,1392.28
2025-07-11,M1,Product_A,Night,10.0,,47.0,433.0,1,0.0,6.07,223.1,1557.25
2025-07-11,M2,Product_B,Night,1.7,41.8,54.7,470.0,11,11.4,6.67,199.0,1941.89
2025-07-12,M1,Product_A,Morning,6.6,30.3,74.6,479.0,10,38.1,5.19,200.0,1470.98
2025-07-13,M1,Product_A,Night,,24.7,67.3,459.0,4,12.6,6.96,244.1,1738.21
2025-07-13,M5,Product_C,Morning,5.9,36.4,65.2,410.0,11,21.5,6.66,200.7,2208.81
2025-07-14,M4,Product_C,Night,21.0,33.9,54.9,484.0,1,0.9,4.52,203.0,2818.21
2025-07-14,M2,Product_A,Night,12.6,27.3,58.4,485.0,1,0.0,5.83,160.4,1842.29
2025-07-14,M1,Product_A,Morning,0.0,42.4,57.6,434.0,9,9.0,6.72,176.2,1419.16
2025-07-15,M4,Product_A,Morning,5.7,31.0,74.7,490.0,15,6.2,6.79,193.0,1391.89
2025-07-15,M2,Product_A,Night,4.2,27.9,74.9,427.0,9,13.0,6.6,184.4,1493.9
2025-07-16,M1,Product_B,Morning,0.0,,62.8,420.0,12,35.6,6.52,205.1,2076.93
2025-07-16,M2,Product_B,Morning,2.7,33.2,65.3,443.0,9,29.4,5.72,200.9,2057.98
2025-07-16,M1,Product_A,Morning,10.2,29.1,38.4,520.0,1,19.4,5.8,192.0,1674.03
2025-07-17,M1,Product_C,Morning,6.8,33.8,42.8,483.0,1,17.7,5.79,207.6,3022.3
2025-07-17,M1,Product_B,Evening,2.1,26.5,54.9,435.0,10,24.9,6.61,199.6,2145.53
2025-07-17,M2,Product_B,Morning,,32.0,63.7,494.0,12,15.0,6.95,192.5,2107.04
2025-07-18,M3,Product_B,Morning,3.6,36.1,56.1,476.0,13,18.8,6.38,183.2,2011.95
2025-07-18,M3,Product_A,Night,6.1,31.8,51.9,456.0,4,3.0,5.63,232.0,1553.41
2025-07-19,M5,Product_C,Night,11.2,,55.3,436.0,2,8.4,4.73,185.7,2669.47
2025-07-19,M1,Product_B,Evening,9.4,39.2,67.4,471.0,13,0.7,5.36,146.8,1874.88
2025-07-19,M3,Product_B,Morning,7.1,29.6,50.5,435.0,1,27.0,6.36,136.5,2213.45
